{
	"name": "power_stage_rev1_2015-03-20",

	"layers": [
		{ "name": "project2  outline",       "svg": "gerber-map/data/customer-project_2/power_stage_rev1_2015-03-20.GML.svg", "color": "#852624" },
		{ "name": "project2  top copper",    "svg": "gerber-map/data/customer-project_2/power_stage_rev1_2015-03-20.GTL.svg", "color": "#AE2427" },
		{ "name": "project2  top silk",      "svg": "gerber-map/data/customer-project_2/power_stage_rev1_2015-03-20.GTO.svg", "color": "#E3D7D6" },
		{ "name": "project2  top mask",      "svg": "gerber-map/data/customer-project_2/power_stage_rev1_2015-03-20.GTS.svg", "color": "#999" },
		{ "name": "project2  top paste",     "svg": "gerber-map/data/customer-project_2/power_stage_rev1_2015-03-20.GTP.svg", "color": "#B0B0B0" },
		{ "name": "project2  drill holes",   "svg": "gerber-map/data/customer-project_2/power_stage_rev1_2015-03-20.TXT.svg", "color": "#000" }
	],

	"notes": [
		{ "type": "warning", "pos": [6, 6], "message": "what's up" }
	]
}
